fetched_at,station,qty,time,lead_h,value
2026-10-07T08:43Z,Lobith,H,2026-10-07T08:00Z,-1,6.24
2026-10-07T08:43Z,Lobith,H,2026-10-07T09:00Z,0,6.24
2026-10-07T08:43Z,Lobith,H,2026-10-07T10:00Z,1,6.24
2026-10-07T08:43Z,Lobith,H,2026-10-07T11:00Z,2,6.24
2026-10-07T08:43Z,Lobith,H,2026-10-07T12:00Z,3,6.24
2026-10-07T08:43Z,Lobith,H,2026-10-07T13:00Z,4,6.23
2026-10-07T08:43Z,Lobith,H,2026-10-07T14:00Z,5,6.23
2026-10-07T08:43Z,Lobith,H,2026-10-07T15:00Z,6,6.23
2026-10-07T08:43Z,Lobith,H,2026-10-07T16:00Z,7,6.23
2026-10-07T08:43Z,Lobith,H,2026-10-07T17:00Z,8,6.23
2026-10-07T08:43Z,Lobith,H,2026-10-07T18:00Z,9,6.22
2026-10-07T08:43Z,Lobith,H,2026-10-07T19:00Z,10,6.22
2026-10-07T08:43Z,Lobith,H,2026-10-07T20:00Z,11,6.22
2026-10-07T08:43Z,Lobith,H,2026-10-07T21:00Z,12,6.22
2026-10-07T08:43Z,Lobith,H,2026-10-07T22:00Z,13,6.21
2026-10-07T08:43Z,Lobith,H,2026-10-07T23:00Z,14,6.21
2026-10-07T08:43Z,Lobith,H,2026-10-08T00:00Z,15,6.21
2026-10-07T08:43Z,Lobith,H,2026-10-08T01:00Z,16,6.21
2026-10-07T08:43Z,Lobith,H,2026-10-08T02:00Z,17,6.21
2026-10-07T08:43Z,Lobith,H,2026-10-08T03:00Z,18,6.2
2026-10-07T08:43Z,Lobith,H,2026-10-08T04:00Z,19,6.2
2026-10-07T08:43Z,Lobith,H,2026-10-08T05:00Z,20,6.2
2026-10-07T08:43Z,Lobith,Q,2026-10-07T08:00Z,-1,604.0
2026-10-07T08:43Z,Lobith,Q,2026-10-07T09:00Z,0,604.0
2026-10-07T08:43Z,Lobith,Q,2026-10-07T10:00Z,1,603.0
2026-10-07T08:43Z,Lobith,Q,2026-10-07T11:00Z,2,602.0
2026-10-07T08:43Z,Lobith,Q,2026-10-07T12:00Z,3,601.0
2026-10-07T08:43Z,Lobith,Q,2026-10-07T13:00Z,4,601.0
2026-10-07T08:43Z,Lobith,Q,2026-10-07T14:00Z,5,600.0
2026-10-07T08:43Z,Lobith,Q,2026-10-07T15:00Z,6,599.0
2026-10-07T08:43Z,Lobith,Q,2026-10-07T16:00Z,7,599.0
2026-10-07T08:43Z,Lobith,Q,2026-10-07T17:00Z,8,598.0
2026-10-07T08:43Z,Lobith,Q,2026-10-07T18:00Z,9,597.0
2026-10-07T08:43Z,Lobith,Q,2026-10-07T19:00Z,10,597.0
2026-10-07T08:43Z,Lobith,Q,2026-10-07T20:00Z,11,596.0
2026-10-07T08:43Z,Lobith,Q,2026-10-07T21:00Z,12,595.0
2026-10-07T08:43Z,Lobith,Q,2026-10-07T22:00Z,13,594.0
2026-10-07T08:43Z,Lobith,Q,2026-10-07T23:00Z,14,594.0
2026-10-07T08:43Z,Lobith,Q,2026-10-08T00:00Z,15,593.0
2026-10-07T08:43Z,Lobith,Q,2026-10-08T01:00Z,16,592.0
2026-10-07T08:43Z,Lobith,Q,2026-10-08T02:00Z,17,592.0
2026-10-07T08:43Z,Lobith,Q,2026-10-08T03:00Z,18,591.0
2026-10-07T08:43Z,Lobith,Q,2026-10-08T04:00Z,19,590.0
2026-10-07T08:43Z,Lobith,Q,2026-10-08T05:00Z,20,590.0
2026-10-07T08:43Z,Millingen,H,2026-10-07T08:00Z,-1,5.92
2026-10-07T08:43Z,Millingen,H,2026-10-07T09:00Z,0,5.92
2026-10-07T08:43Z,Millingen,H,2026-10-07T10:00Z,1,5.92
2026-10-07T08:43Z,Millingen,H,2026-10-07T11:00Z,2,5.92
2026-10-07T08:43Z,Millingen,H,2026-10-07T12:00Z,3,5.92
2026-10-07T08:43Z,Millingen,H,2026-10-07T13:00Z,4,5.92
2026-10-07T08:43Z,Millingen,H,2026-10-07T14:00Z,5,5.92
2026-10-07T08:43Z,Millingen,H,2026-10-07T15:00Z,6,5.92
2026-10-07T08:43Z,Millingen,H,2026-10-07T16:00Z,7,5.92
2026-10-07T08:43Z,Millingen,H,2026-10-07T17:00Z,8,5.92
2026-10-07T08:43Z,Millingen,H,2026-10-07T18:00Z,9,5.92
2026-10-07T08:43Z,Millingen,H,2026-10-07T19:00Z,10,5.92
2026-10-07T08:43Z,Millingen,H,2026-10-07T20:00Z,11,5.92
2026-10-07T08:43Z,Millingen,H,2026-10-07T21:00Z,12,5.92
2026-10-07T08:43Z,Millingen,H,2026-10-07T22:00Z,13,5.92
2026-10-07T08:43Z,Millingen,H,2026-10-07T23:00Z,14,5.92
2026-10-07T08:43Z,Millingen,H,2026-10-08T00:00Z,15,5.92
2026-10-07T08:43Z,Millingen,H,2026-10-08T01:00Z,16,5.92
2026-10-07T08:43Z,Millingen,H,2026-10-08T02:00Z,17,5.92
2026-10-07T08:43Z,Millingen,H,2026-10-08T03:00Z,18,5.92
2026-10-07T08:43Z,Millingen,H,2026-10-08T04:00Z,19,5.92
2026-10-07T08:43Z,Millingen,H,2026-10-08T05:00Z,20,5.92
2026-10-07T08:43Z,Dodewaard,H,2026-10-07T08:00Z,-1,2.57
2026-10-07T08:43Z,Dodewaard,H,2026-10-07T09:00Z,0,2.57
2026-10-07T08:43Z,Dodewaard,H,2026-10-07T10:00Z,1,2.58
2026-10-07T08:43Z,Dodewaard,H,2026-10-07T11:00Z,2,2.58
2026-10-07T08:43Z,Dodewaard,H,2026-10-07T12:00Z,3,2.58
2026-10-07T08:43Z,Dodewaard,H,2026-10-07T13:00Z,4,2.58
2026-10-07T08:43Z,Dodewaard,H,2026-10-07T14:00Z,5,2.59
2026-10-07T08:43Z,Dodewaard,H,2026-10-07T15:00Z,6,2.59
2026-10-07T08:43Z,Dodewaard,H,2026-10-07T16:00Z,7,2.59
2026-10-07T08:43Z,Dodewaard,H,2026-10-07T17:00Z,8,2.59
2026-10-07T08:43Z,Dodewaard,H,2026-10-07T18:00Z,9,2.6
2026-10-07T08:43Z,Dodewaard,H,2026-10-07T19:00Z,10,2.6
2026-10-07T08:43Z,Dodewaard,H,2026-10-07T20:00Z,11,2.6
2026-10-07T08:43Z,Dodewaard,H,2026-10-07T21:00Z,12,2.6
2026-10-07T08:43Z,Dodewaard,H,2026-10-07T22:00Z,13,2.6
2026-10-07T08:43Z,Dodewaard,H,2026-10-07T23:00Z,14,2.6
2026-10-07T08:43Z,Dodewaard,H,2026-10-08T00:00Z,15,2.6
2026-10-07T08:43Z,Dodewaard,H,2026-10-08T01:00Z,16,2.6
2026-10-07T08:43Z,Dodewaard,H,2026-10-08T02:00Z,17,2.6
2026-10-07T08:43Z,Dodewaard,H,2026-10-08T03:00Z,18,2.6
2026-10-07T08:43Z,Dodewaard,H,2026-10-08T04:00Z,19,2.6
2026-10-07T08:43Z,Dodewaard,H,2026-10-08T05:00Z,20,2.59
