station,qty,time,value
Dodewaard,H,2026-09-27T08:00Z,2.48
Köln,H,2026-09-27T08:00Z,42.0
Lobith,H,2026-09-27T08:00Z,6.02
Dodewaard,H,2026-09-27T09:00Z,2.49
Köln,H,2026-09-27T09:00Z,42.0
Lobith,H,2026-09-27T09:00Z,6.0
Dodewaard,H,2026-09-27T10:00Z,2.49
Köln,H,2026-09-27T10:00Z,42.0
Lobith,H,2026-09-27T10:00Z,6.01
Dodewaard,H,2026-09-27T11:00Z,2.48
Köln,H,2026-09-27T11:00Z,42.0
Lobith,H,2026-09-27T11:00Z,5.99
Dodewaard,H,2026-09-27T12:00Z,2.49
Köln,H,2026-09-27T12:00Z,42.0
Lobith,H,2026-09-27T12:00Z,6.0
Dodewaard,H,2026-09-27T13:00Z,2.49
Köln,H,2026-09-27T13:00Z,42.0
Lobith,H,2026-09-27T13:00Z,5.99
Dodewaard,H,2026-09-27T14:00Z,2.49
Köln,H,2026-09-27T14:00Z,42.0
Lobith,H,2026-09-27T14:00Z,6.0
Millingen,H,2026-09-27T14:00Z,5.83
Dodewaard,H,2026-09-27T15:00Z,2.48
Köln,H,2026-09-27T15:00Z,41.0
Lobith,H,2026-09-27T15:00Z,5.99
Millingen,H,2026-09-27T15:00Z,5.82
Dodewaard,H,2026-09-27T16:00Z,2.49
Köln,H,2026-09-27T16:00Z,41.0
Lobith,H,2026-09-27T16:00Z,6.01
Millingen,H,2026-09-27T16:00Z,5.84
Dodewaard,H,2026-09-27T17:00Z,2.48
Köln,H,2026-09-27T17:00Z,40.0
Lobith,H,2026-09-27T17:00Z,6.0
Millingen,H,2026-09-27T17:00Z,5.83
Dodewaard,H,2026-09-27T18:00Z,2.5
Köln,H,2026-09-27T18:00Z,40.0
Lobith,H,2026-09-27T18:00Z,6.0
Millingen,H,2026-09-27T18:00Z,5.83
Dodewaard,H,2026-09-27T19:00Z,2.49
Köln,H,2026-09-27T19:00Z,40.0
Lobith,H,2026-09-27T19:00Z,6.0
Millingen,H,2026-09-27T19:00Z,5.83
Dodewaard,H,2026-09-27T20:00Z,2.48
Köln,H,2026-09-27T20:00Z,40.0
Lobith,H,2026-09-27T20:00Z,5.98
Millingen,H,2026-09-27T20:00Z,5.82
Dodewaard,H,2026-09-27T21:00Z,2.49
Köln,H,2026-09-27T21:00Z,40.0
Lobith,H,2026-09-27T21:00Z,6.03
Millingen,H,2026-09-27T21:00Z,5.82
Dodewaard,H,2026-09-27T22:00Z,2.4
Köln,H,2026-09-27T22:00Z,40.0
Lobith,H,2026-09-27T22:00Z,5.98
Millingen,H,2026-09-27T22:00Z,5.82
Dodewaard,H,2026-09-27T23:00Z,2.49
Köln,H,2026-09-27T23:00Z,40.0
Lobith,H,2026-09-27T23:00Z,5.99
Millingen,H,2026-09-27T23:00Z,5.82
Dodewaard,H,2026-09-28T00:00Z,2.45
Köln,H,2026-09-28T00:00Z,40.0
Lobith,H,2026-09-28T00:00Z,5.99
Millingen,H,2026-09-28T00:00Z,5.81
Dodewaard,H,2026-09-28T01:00Z,2.48
Köln,H,2026-09-28T01:00Z,40.0
Lobith,H,2026-09-28T01:00Z,5.98
Millingen,H,2026-09-28T01:00Z,5.81
Dodewaard,H,2026-09-28T02:00Z,2.49
Köln,H,2026-09-28T02:00Z,40.0
Lobith,H,2026-09-28T02:00Z,5.99
Millingen,H,2026-09-28T02:00Z,5.82
Dodewaard,H,2026-09-28T03:00Z,2.48
Köln,H,2026-09-28T03:00Z,40.0
Lobith,H,2026-09-28T03:00Z,5.98
Millingen,H,2026-09-28T03:00Z,5.81
Dodewaard,H,2026-09-28T04:00Z,2.42
Köln,H,2026-09-28T04:00Z,40.0
Lobith,H,2026-09-28T04:00Z,5.97
Millingen,H,2026-09-28T04:00Z,5.82
Dodewaard,H,2026-09-28T05:00Z,2.49
Köln,H,2026-09-28T05:00Z,40.0
Lobith,H,2026-09-28T05:00Z,5.97
Millingen,H,2026-09-28T05:00Z,5.8
Dodewaard,H,2026-09-28T06:00Z,2.49
Köln,H,2026-09-28T06:00Z,40.0
Lobith,H,2026-09-28T06:00Z,5.97
Millingen,H,2026-09-28T06:00Z,5.82
Dodewaard,H,2026-09-28T07:00Z,2.39
Köln,H,2026-09-28T07:00Z,40.0
Lobith,H,2026-09-28T07:00Z,5.98
Millingen,H,2026-09-28T07:00Z,5.82
Dodewaard,H,2026-09-28T08:00Z,2.49
Köln,H,2026-09-28T08:00Z,40.0
Lobith,H,2026-09-28T08:00Z,5.98
Millingen,H,2026-09-28T08:00Z,5.82
Dodewaard,H,2026-09-28T09:00Z,2.4
Köln,H,2026-09-28T09:00Z,40.0
Lobith,H,2026-09-28T09:00Z,5.97
Millingen,H,2026-09-28T09:00Z,5.81
Dodewaard,H,2026-09-28T10:00Z,2.39
Köln,H,2026-09-28T10:00Z,40.0
Lobith,H,2026-09-28T10:00Z,5.96
Millingen,H,2026-09-28T10:00Z,5.82
Dodewaard,H,2026-09-28T11:00Z,2.41
Köln,H,2026-09-28T11:00Z,40.0
Lobith,H,2026-09-28T11:00Z,5.98
Millingen,H,2026-09-28T11:00Z,5.97
Dodewaard,H,2026-09-28T12:00Z,2.44
Köln,H,2026-09-28T12:00Z,40.0
Lobith,H,2026-09-28T12:00Z,5.96
Millingen,H,2026-09-28T12:00Z,5.81
Dodewaard,H,2026-09-28T13:00Z,2.44
Köln,H,2026-09-28T13:00Z,40.0
Lobith,H,2026-09-28T13:00Z,5.97
Millingen,H,2026-09-28T13:00Z,5.81
Dodewaard,H,2026-09-28T14:00Z,2.44
Köln,H,2026-09-28T14:00Z,40.0
Lobith,H,2026-09-28T14:00Z,5.97
Millingen,H,2026-09-28T14:00Z,5.78
Dodewaard,H,2026-09-28T15:00Z,2.44
Köln,H,2026-09-28T15:00Z,40.0
Lobith,H,2026-09-28T15:00Z,5.96
Millingen,H,2026-09-28T15:00Z,5.81
Dodewaard,H,2026-09-28T16:00Z,2.45
Köln,H,2026-09-28T16:00Z,40.0
Lobith,H,2026-09-28T16:00Z,5.97
Millingen,H,2026-09-28T16:00Z,5.81
Dodewaard,H,2026-09-28T17:00Z,2.44
Köln,H,2026-09-28T17:00Z,40.0
Lobith,H,2026-09-28T17:00Z,5.95
Millingen,H,2026-09-28T17:00Z,5.81
Dodewaard,H,2026-09-28T18:00Z,2.43
Köln,H,2026-09-28T18:00Z,41.0
Lobith,H,2026-09-28T18:00Z,5.96
Millingen,H,2026-09-28T18:00Z,5.8
Dodewaard,H,2026-09-28T19:00Z,2.44
Köln,H,2026-09-28T19:00Z,40.0
Lobith,H,2026-09-28T19:00Z,5.97
Millingen,H,2026-09-28T19:00Z,5.8
Dodewaard,H,2026-09-28T20:00Z,2.45
Köln,H,2026-09-28T20:00Z,40.0
Lobith,H,2026-09-28T20:00Z,5.96
Millingen,H,2026-09-28T20:00Z,5.8
Dodewaard,H,2026-09-28T21:00Z,2.46
Köln,H,2026-09-28T21:00Z,40.0
Lobith,H,2026-09-28T21:00Z,5.96
Millingen,H,2026-09-28T21:00Z,5.78
Dodewaard,H,2026-09-28T22:00Z,2.46
Köln,H,2026-09-28T22:00Z,40.0
Lobith,H,2026-09-28T22:00Z,5.95
Millingen,H,2026-09-28T22:00Z,5.8
Dodewaard,H,2026-09-28T23:00Z,2.46
Köln,H,2026-09-28T23:00Z,41.0
Lobith,H,2026-09-28T23:00Z,5.96
Millingen,H,2026-09-28T23:00Z,5.78
Dodewaard,H,2026-09-29T00:00Z,2.45
Köln,H,2026-09-29T00:00Z,41.0
Lobith,H,2026-09-29T00:00Z,5.96
Millingen,H,2026-09-29T00:00Z,5.78
Dodewaard,H,2026-09-29T01:00Z,2.45
Köln,H,2026-09-29T01:00Z,41.0
Lobith,H,2026-09-29T01:00Z,5.97
Millingen,H,2026-09-29T01:00Z,5.79
Dodewaard,H,2026-09-29T02:00Z,2.44
Köln,H,2026-09-29T02:00Z,42.0
Lobith,H,2026-09-29T02:00Z,5.96
Millingen,H,2026-09-29T02:00Z,5.78
Dodewaard,H,2026-09-29T03:00Z,2.44
Köln,H,2026-09-29T03:00Z,42.0
Lobith,H,2026-09-29T03:00Z,5.95
Millingen,H,2026-09-29T03:00Z,5.79
Dodewaard,H,2026-09-29T04:00Z,2.44
Köln,H,2026-09-29T04:00Z,43.0
Lobith,H,2026-09-29T04:00Z,5.95
Millingen,H,2026-09-29T04:00Z,5.78
Dodewaard,H,2026-09-29T05:00Z,2.42
Köln,H,2026-09-29T05:00Z,43.0
Lobith,H,2026-09-29T05:00Z,5.95
Millingen,H,2026-09-29T05:00Z,5.76
Dodewaard,H,2026-09-29T06:00Z,2.43
Köln,H,2026-09-29T06:00Z,43.0
Lobith,H,2026-09-29T06:00Z,5.94
Millingen,H,2026-09-29T06:00Z,5.77
Dodewaard,H,2026-09-29T07:00Z,2.43
Köln,H,2026-09-29T07:00Z,42.0
Lobith,H,2026-09-29T07:00Z,5.94
Dodewaard,H,2026-09-29T08:00Z,2.43
Köln,H,2026-09-29T08:00Z,42.0
Lobith,H,2026-09-29T08:00Z,5.94
Dodewaard,H,2026-09-29T09:00Z,2.43
Köln,H,2026-09-29T09:00Z,42.0
Lobith,H,2026-09-29T09:00Z,5.93
Dodewaard,H,2026-09-29T10:00Z,2.43
Köln,H,2026-09-29T10:00Z,42.0
Lobith,H,2026-09-29T10:00Z,5.93
Dodewaard,H,2026-09-29T11:00Z,2.43
Köln,H,2026-09-29T11:00Z,42.0
Lobith,H,2026-09-29T11:00Z,5.93
Dodewaard,H,2026-09-29T12:00Z,2.43
Köln,H,2026-09-29T12:00Z,42.0
Lobith,H,2026-09-29T12:00Z,5.93
Dodewaard,H,2026-09-29T13:00Z,2.44
Köln,H,2026-09-29T13:00Z,43.0
Lobith,H,2026-09-29T13:00Z,5.93
Dodewaard,H,2026-09-29T14:00Z,2.43
Köln,H,2026-09-29T14:00Z,43.0
Lobith,H,2026-09-29T14:00Z,5.93
Dodewaard,H,2026-09-29T15:00Z,2.47
Köln,H,2026-09-29T15:00Z,43.0
Lobith,H,2026-09-29T15:00Z,5.93
Dodewaard,H,2026-09-29T16:00Z,2.43
Köln,H,2026-09-29T16:00Z,43.0
Lobith,H,2026-09-29T16:00Z,5.93
Dodewaard,H,2026-09-29T17:00Z,2.43
Köln,H,2026-09-29T17:00Z,43.0
Lobith,H,2026-09-29T17:00Z,5.95
Dodewaard,H,2026-09-29T18:00Z,2.43
Köln,H,2026-09-29T18:00Z,42.0
Lobith,H,2026-09-29T18:00Z,5.94
Dodewaard,H,2026-09-29T19:00Z,2.43
Köln,H,2026-09-29T19:00Z,43.0
Lobith,H,2026-09-29T19:00Z,5.94
Dodewaard,H,2026-09-29T20:00Z,2.43
Köln,H,2026-09-29T20:00Z,43.0
Lobith,H,2026-09-29T20:00Z,5.93
Dodewaard,H,2026-09-29T21:00Z,2.42
Köln,H,2026-09-29T21:00Z,43.0
Lobith,H,2026-09-29T21:00Z,5.94
Dodewaard,H,2026-09-29T22:00Z,2.44
Köln,H,2026-09-29T22:00Z,43.0
Lobith,H,2026-09-29T22:00Z,5.93
Dodewaard,H,2026-09-29T23:00Z,2.43
Köln,H,2026-09-29T23:00Z,43.0
Lobith,H,2026-09-29T23:00Z,5.93
Dodewaard,H,2026-09-30T00:00Z,2.43
Köln,H,2026-09-30T00:00Z,43.0
Lobith,H,2026-09-30T00:00Z,5.94
Dodewaard,H,2026-09-30T01:00Z,2.42
Köln,H,2026-09-30T01:00Z,43.0
Lobith,H,2026-09-30T01:00Z,5.92
Dodewaard,H,2026-09-30T02:00Z,2.41
Köln,H,2026-09-30T02:00Z,43.0
Lobith,H,2026-09-30T02:00Z,5.92
Dodewaard,H,2026-09-30T03:00Z,2.4
Köln,H,2026-09-30T03:00Z,43.0
Lobith,H,2026-09-30T03:00Z,5.92
Dodewaard,H,2026-09-30T04:00Z,2.4
Köln,H,2026-09-30T04:00Z,43.0
Lobith,H,2026-09-30T04:00Z,5.93
Dodewaard,H,2026-09-30T05:00Z,2.4
Köln,H,2026-09-30T05:00Z,43.0
Lobith,H,2026-09-30T05:00Z,5.92
Dodewaard,H,2026-09-30T06:00Z,2.39
Köln,H,2026-09-30T06:00Z,43.0
Lobith,H,2026-09-30T06:00Z,5.93
Dodewaard,H,2026-09-30T07:00Z,2.4
Köln,H,2026-09-30T07:00Z,42.0
Lobith,H,2026-09-30T07:00Z,5.94
Dodewaard,H,2026-09-30T08:00Z,2.39
Köln,H,2026-09-30T08:00Z,42.0
Lobith,H,2026-09-30T08:00Z,5.92
Dodewaard,H,2026-09-30T09:00Z,2.39
Köln,H,2026-09-30T09:00Z,43.0
Lobith,H,2026-09-30T09:00Z,5.92
Dodewaard,H,2026-09-30T10:00Z,2.4
Köln,H,2026-09-30T10:00Z,43.0
Lobith,H,2026-09-30T10:00Z,5.91
Dodewaard,H,2026-09-30T11:00Z,2.39
Köln,H,2026-09-30T11:00Z,42.0
Lobith,H,2026-09-30T11:00Z,5.93
Dodewaard,H,2026-09-30T12:00Z,2.4
Köln,H,2026-09-30T12:00Z,43.0
Lobith,H,2026-09-30T12:00Z,5.92
Dodewaard,H,2026-09-30T13:00Z,2.4
Köln,H,2026-09-30T13:00Z,43.0
Lobith,H,2026-09-30T13:00Z,5.92
Dodewaard,H,2026-09-30T14:00Z,2.4
Köln,H,2026-09-30T14:00Z,43.0
Lobith,H,2026-09-30T14:00Z,5.92
Dodewaard,H,2026-09-30T15:00Z,2.4
Köln,H,2026-09-30T15:00Z,42.0
Lobith,H,2026-09-30T15:00Z,5.92
Dodewaard,H,2026-09-30T16:00Z,2.4
Köln,H,2026-09-30T16:00Z,42.0
Lobith,H,2026-09-30T16:00Z,5.91
Dodewaard,H,2026-09-30T17:00Z,2.4
Köln,H,2026-09-30T17:00Z,42.0
Lobith,H,2026-09-30T17:00Z,5.92
Dodewaard,H,2026-09-30T18:00Z,2.4
Köln,H,2026-09-30T18:00Z,42.0
Lobith,H,2026-09-30T18:00Z,5.93
Dodewaard,H,2026-09-30T19:00Z,2.41
Köln,H,2026-09-30T19:00Z,42.0
Lobith,H,2026-09-30T19:00Z,5.92
Dodewaard,H,2026-09-30T20:00Z,2.4
Köln,H,2026-09-30T20:00Z,42.0
Lobith,H,2026-09-30T20:00Z,5.93
Dodewaard,H,2026-09-30T21:00Z,2.41
Köln,H,2026-09-30T21:00Z,42.0
Lobith,H,2026-09-30T21:00Z,5.94
Dodewaard,H,2026-09-30T22:00Z,2.41
Köln,H,2026-09-30T22:00Z,41.0
Lobith,H,2026-09-30T22:00Z,5.93
Dodewaard,H,2026-09-30T23:00Z,2.4
Köln,H,2026-09-30T23:00Z,41.0
Lobith,H,2026-09-30T23:00Z,5.92
